,company,job_title
0,Pacific Life,Senior Data Management Analyst
1,REVOLVE,Data Intelligence Analyst
2,Össur,Business Data Analyst
3,Hulu,"Senior Analyst, Advanced Analytics"
4,Brady Corporation,Senior Strategic Data Analyst
5,Warner Bros. Entertainment,"Director, Data Analytics and Audience Intelligence"
6,Roku Inc.,ADMINISTRATIVE SERVICES ANALYST I/II
7,Atom Tickets,Data & Business Analyst
8,Southern California Edison (SCE),Manager Practice Innovation
9,"Neustar, Inc.","Associate, Data Analytics Insights"
10,KORE1,BI/Data Analytics Analyst
11,Honey,Data Analyst
12,Bird,"Data Analyst, Finance"
13,East West Bank,Senior Business Analyst
14,New American Funding,Business Data Analyst
15,Pacific Premier Bank,Data Analyst III – SQL query writer
16,Universal Music Group,Data Analyst Level II -Torrance
17,Farmers Insurance,Product Analyst II
18,Tamara Mellon,Senior Business Data Analyst
19,JBCStyle Fashion Recruiters,Financial Data Analyst
20,Edmunds,Analyst
21,JBCconnect | Creative Technology Talent,Sr. Data Analyst
22,MobilityWare,Workday HRIS Analyst
23,Bloom Ads Global Media Group,MEDIA DATA ANALYST
24,ATR International,Data Analyst - Int
25,Swinerton,Data Analyst
26,Kaiser Permanente,"Business Systems Analyst - Business Systems Analysis, SQL"
27,Experian,Big Data Hadoop/Mongo
28,APN Consulting Inc.,"Senior Analyst, Analytics"
29,WebMD,Data Analyst
30,Verizon,Data Analyst
31,Jobot,Senior Business Systems Analyst - Manufacturing
32,Capital Group,Information Security Assurance Analyst - Supply Chain
33,Behr Paint Company,Director of Data and Analytics ( Pro Channel)
34,Disney Television Animation,Associate Data Scientist
35,Mazda North American Operations,Business Strategy Analyst
36,CBS Interactive,Senior Optimization Analyst
37,Thermo Fisher Scientific,Data Analyst(LIBOR) -Santa Monica
38,Parker Aerospace,Junior Data Analyst
39,MiDCOM Group,"Senior Analyst, CRM & Marketing"
40,Apex Systems,Marketing Analyst
41,"Scale Media, Inc.",Strategic FRx Sourcing Analyst
42,Collabera Inc.,Financial Analyst
43,Snap Inc.,Business Data Analyst
44,Ultimate Staffing,Data Analyst
45,The Walt Disney Studios,Senior Financial Analyst - Decision Analytics
46,The Judge Group,Big Data Analyst
47,Nexon OC,Data Analyst
48,Western Asset Management,Data Governance Analyst
49,Cognizant,Data Analyst Lead
50,Didi Hirsch Mental Health Services,Data and Reporting Analyst
51,"Hill International, Inc.",Data Analyst
52,Sony/ATV Music Publishing,Data Analyst (Extreme)
53,Obagi Medical Products,Master Data Analyst
54,818,Credit Data Analyst
55,"Healthpeak Properties, Inc.",Data Analyst
56,9thWonder Agency,Data Analyst
57,Dollar Shave Club,Sr. Data Analyst
58,First American Title,"Salesforce Business Analyst, TV Distribution Technology"
59,Robert Half,Coding and Compliance Auditor
60,"Georgia IT, Inc.","Data Analyst - Santa Ana, CA"
61,Perkins and Will,Data Analyst
62,Abbott,QA Tester/ Business Analyst
63,HealthCare Partners,Salesforce Developer / ServiceMax Administrator -Irvine
64,Lorven Technologies Inc,Sr. Data Governance Analyst
65,CyberCoders,Financial Analyst
66,Twitch,Data Analyst - Engineering Success
67,Glocomms,Data Analyst- Top Hedge Fund
68,Eleven Recruiting,Business Data Analyst
69,"Veritone, Inc.",Sr Data Analyst
70,DaVita Kidney Care,Volunteer Crm Consultant for Haiti Now (Ayiti Now Corp)
71,The Trade Desk,Business Intelligence Analyst
72,Zenith,"Analyst, Analytics"
73,IEHP,Healthcare Data Analyst I
74,Apollo Global Management Inc.,Data Analyst/Programmer
75,Internet Brands,Data Analytics & Insights Manager
76,Deluxe Entertainment Services,Business Intelligence Analyst
77,Cedars-Sinai,"Tech Consulting Senior, Data Governance"
78,WHO,Data Analyst
79,Blind Squirrel Games,Game Data Analyst
80,"Infinity, Stamford Technology India Pvt. Ltd",Data Analytics Analyst
81,NBS - Local Government Consultants,Data Analyst
82,Evolent Health,Consultant - CA0017018220
83,PlayVS,Senior Data Analyst
84,AAA,Data Governance Analyst
85,Vivo,Data Governance Analyst
86,Pechanga Resort Casino,Business Data Analyst II
87,MUFG,Reporting Analyst
88,Staffigo,Senior Clinical Data Manager - Transcatheter Mitral and Tricuspid Therapies
89,JMAC Lending,Data and Business Intelligence Analyst
90,Nativo Inc,Junior Data Analyst
91,ViacomCBS,"AVP, AML Technical Quality Control (QC) Analyst"
92,Booz Allen Hamilton,"Tableau Analyst, Mid"
93,Expertise,Data Analyst -LOS ANGELES
94,Avance Consulting,Data Analytics Analyst (Total 3 Roles)
95,Ingram Micro,Compliance Data Analyst
96,Viacom,Senior BI Analyst
97,Fox Corporation,"Manager, Data Analysis"
98,BUTLER,Data Analyst
99,ZipRecruiter,Business Requirements & Process/
100,ADP,Principal Client Experience - Data Analyst
101,San Manuel Casino,Data Analyst
102,Conversion Labs,Conversion Rate Optimization & Data Analyst -Los Angeles
103,Mercury Insurance,DC & I Data Base Administrator
104,Harbor Freight Tools,Sr Business Data Analyst
105,Planet121,Data Warehouse Analyst
106,Advanced Sterilization Products (ASP),Master Data Analyst
107,CHOC Children's,"Data Analyst, ISD Business Applications"
108,"Agile Sourcing Partners, Inc.",Business Data Analyst
109,Urbane Systems LLC,Data / Reports Analyst -Cerritos
110,The Job Network,Hiring! Radar Telemetry RF Analyst
111,"Center for Autism and Related Disorders, LLC. (CARD)",Data Analyst
112,"iSpace, Inc.","Sr. Data Scientist, Predictive Analysis - HBO Max"
113,Netflix,"Asset Optimization Analyst, Product Creative Strategy"
114,OluKai,"Data Analytics Specialist, eCommerce"
115,"Veterans Sourcing Group, LLC",Data Analyst
116,ALIGN Executive Search,Business Data Analyst - Escrow/Title
117,Simplified IT Solutions,Data Analyst
118,"Leo Tech, LLC",Data Technician/Analyst/Specialist
119,MemorialCare Long Beach Medical Center,"Application Data Analyst, Quality Assurance"
120,The Athletic,"Data Analyst, Content"
121,Kforce Inc,Data Analyst
122,Ottimo Resources,Systems and Data Analyst - SQL
123,Christy Dawn,Data Analyst and Planner
124,"Yoh, A Day & Zimmermann Company",Analytics and Data Analysis Manager
125,Cenergy International Services,"Product Manager, AVP"
126,Niagara Bottling,Manufacturing Data Analyst II
127,Blizzard Entertainment,"Senior Data Analyst, Battle.net & Online Products"
128,Intuit,Senior Technical Data Analyst
129,Bambee,Sr Operations Analyst
130,"Acumen, LLC",Data and Policy Analyst - Statistical Programmer
131,"Blind Squirrel, LLC",Game Data Analyst
132,Orange County Transportation Authority,Financial Analyst
133,Aeg Worldwide Inc,Statistical Data Analyst
134,Blommer Chocolate Company,"Process Analyst, IT & Documentation Support Person"
135,Calance,Kronos Analyst
136,Hyundai Capital America,"Sr. Analyst, Operations Strategy & Analytics"
137,Harvey Mudd College,Business Intelligence and Reporting Analyst
138,Providence Health & Services,Procurement Analyst - Summer Intern
139,UM Worldwide,"Senior Analyst, Data Science"
140,Heatlh People Inc.,"Data Analyst , Document Management Shared Services"
141,RSC Solutions,Data Warehouse Analyst: 19-01339
142,Motion Recruitment,Volunteer: 1-hour Data & Analytics call for Good Shepherd Services (Remote)
143,"LanceSoft, Inc.",Senior Data Analyst
144,"Frilly, Inc.",Director of Business and Data Analytics
145,S.F. EXPRESS CO. LTD,Business Analyst
146,Vertebrae Inc,Data & Analytics - eCommerce
147,Amazon,Data Analyst *** MS Access & Excel -Irwindale
148,Career Movement,Data Analyst
149,Long Beach Transit,Service Planning Analyst
150,Munchkin,"Data Analyst, Demand Planning"
151,Optum,Data Analyst III
152,Hylink Digital Solutions,Sales & Marketing Business Analyst Sr.
153,Lennar,Purchasing Data Management Analyst
154,Reformation,Director of BI and Data Analytics
155,Lakeside Medical Group,Encounter Data Analyst
156,MotorTrend Group,Automotive Data Analyst
157,"NBCUniversal Media, LLC",Credit Analyst - Commercial
158,PwC,Data and Analytics Technology - Manager (HIA)
159,Logix Federal Credit Union,VP Data & Analytics
160,Creative Circle,"Digital Marketing Analyst, Paid Social"
161,ALC,Data Analyst
162,"TUEREN, Inc.",Analytics Manager
163,Arrowhead Regional Medical Center,Law And Justice Data Analyst Contract
164,Ellen Digital Ventures,ELLEN Data & Analytics Director
165,"Motorsport Aftermarket Group, Inc. (MAG)",ERP Administrator & Data Analyst
166,LEAPROS™ Workforce Solutions,Data Analyst with on ERP
167,City of Hope,Quality Analyst
168,OnPrem Solution Partners,Senior Consultant - Data & Analytics - LA
169,Alliance Resource Group,Business Analyst
170,Naval Air Systems Command (NAVAIR),DATA ANALYST
171,VBeyond Corporation,Salesforce Data Analyst
172,TaskUs,Sr. Vice President of Data and Analytics
173,RGP,Consultant - Director of Enterprise Data & Analytics
174,Phenomenex,Data Analyst - Sales Intelligence
175,Analytic Recruiting Inc.,Data Analyst - Fixed Income Asset Manager
176,Conversion,Conversion Rate Optimization & Data Analyst
177,"Carrington Holding Company, LLC",Sr.Business Intelligence Reporting Analyst
178,RCM Technologies,Data Analyst
179,ASSET MARK LTD,Investment Data Analyst
180,Malakye.com,Sr Clinical Informatics Analyst
181,SureSale,Data Analyst / Growth Hacker
182,TekPartners,Solutions Architect
183,Deloitte,Senior Business Operations Analyst
184,Synergis,Data & BI Analyst
185,System1,Senior Data Analyst (Urgent!) $60/hour
186,Publicis Groupe,Underwriter
187,Beachbody,"Senior Analyst, Strategic Analysis"
188,San Bernardino County HR,Senior BI Analyst
189,Perspecta,Configuration and Data Management Analyst II
190,Live Nation Entertainment,Data Analyst
191,Wiley Job Network,"Senior Quantitative Modeler (Brea, CA)"
192,Applied Medical,IS Business Analyst
193,MemorialCare,"Application Data Analyst, Quality Assurance"
194,Bonduelle Fresh Americas,Senior Technical Data Analyst
195,Stream Realty Partners,Research Analyst
196,BELLA+CANVAS,Sales Operations Analyst
197,Google,"Sales Engineer, Data Analytics, Google Cloud"
198,ClearedJobs.Net,Sr Associate Business Analysis & Info – Data Analytics using Spotfire (JP6664)
199,"PennyMac Loan Services, LLC",Marketing Analyst
200,Inspire,"Sr. Analyst, Campaigns & Testing"
201,"Stand Up 8 Fitness, LLC",Sr. Supply Chain / Master Data Analyst
202,FILD,Business Intelligence Engineer
203,Raytheon,Splunk Data Engineering Analyst
204,Lucky Day,Senior Business Intelligence (BI) Engineer
205,Sony Pictures Entertainment,"SENIOR BUSINESS ANALYST – SECURITY, SAFETY & SUSTAINABILITY(S3)"
206,Masco Corporation,Director of Data and Analytics ( Pro Channel)
207,American Girl,Sr. Manager Customer Data & Analytics (American Girl)
208,WarnerMedia,Sales Operations Analyst Intern
209,Infinity Consulting Solutions,IT Business Analyst - Finance and Accounting
210,Areté,"Scientist 2, Data Analytics"
211,Activision,"Analyst, Descriptive Analytics (Call of Duty Mobile)"
212,Lakeside Medical,Senior Business Analyst
213,Mt. San Antonio College,Commission Analyst
214,Insigma Inc,BI Analyst with INCORTA -Irvine
215,MyJobHelper.com,Manager 3 Data and Analytics
216,VincentBenjamin,Data Consultant-Marketing (Duration Until December 2021)
217,Ajinomoto Animal Nutrition North America,Sr Analyst BI
218,Apple,"Content Data Scientist, Apple Media Products Data Science"
219,Esri,Senior Marketing Reporting Analyst
220,XE.com,Web Analyst
221,Hyundai Motor America,"Assistant Manager, Safety Data Analytics"
222,"Oaktree Capital Management, L.P.","AVP/VP, Data & Systems Analyst – Information Technology"
223,Bank of the West,Sr Data Analytics Analyst - End to End Operations
224,"Dynamic Healthcare Systems, Inc.",Risk Adjustment Data Analyst
225,Brighton Collectibles,Customer Relationship Management Analyst
226,Mediabistro,"CRM Analyst, Peacock"
227,"Simpluris, Inc.",Business Analyst - Short Term Contract (3 to 6 Months)
228,Onward Search,Marketing Data Analyst
229,Tech RBM,Senior Data Analyst
230,Human Health Project,Volunteer: Data Visualization Analyst
231,CCC Information Services,Business Systems Analyst
232,UC Irvine,Senior Budget Analyst or Budget Analyst II
233,vCORE Technology Partners,Data Analytics Engineering Lead
234,OpenX,Sr Data Analyst
235,Children's Hospital Los Angeles (CHLA),"Manager, Patient Safety Data and Analytics"
236,Edwards Lifesciences,Knowledge Management Specialist
237,Citizens Business Bank,CRA Data Analyst
238,Partners Personnel,SSRS Report Writer
239,SOORYA INTERNATIONAL,Energy Tool Base - Solar Data Analyst
240,PlayQ,Senior Data Analyst
241,Calabria,Business Systems Analyst
242,Cypress Creek Renewables,Investment Associate/ Sr. Analyst
243,Honeywell,Program Planning & Control Analyst III
244,Defense Media Activity,Radar Telemetry Data Analyst
245,Christie Digital Systems,Business Analyst
246,ProcureTechStaff Consulting Services,Data Warehouse Analyst
247,Azusa Pacific University,Senior Financial Analyst with High Tech Manufacturing Leader
248,Radiant System,Data Warehouse Analyst
249,Neudesic,Technical Client Director - Data & Analytics
250,Los Angeles County Department of Human Resources,Financial Analyst - Partner Residuals - Contractor
251,FSA,Resource Analyst (8758)
252,"3 Key Consulting, Inc.",Account Analyst
253,loanDepot,HR Analyst
254,FanAI Inc.,Client Services Analyst
255,Paysafe Group,Volunteer: 1-hour Data & Analytics call for Good Shepherd Services (Remote)
256,Putnam Recruiting Group,Head of Data Science
257,Aplomb Technologies Inc,Business Intelligence Analyst (INCORTA) -Irvine
258,"EPIC Management, LP",PERFORMANCE BUSINESS ANALYST - PERFORMANCE & ANALYTICS - Position #2020-97
259,Dermalogica,Data Analyst - Unilever Prestige
260,UCSF Medical Center,Chief Data and Analytics Officer - IT-Operations Administration (BUS INTEL MGR 4)
261,TechStyle Fashion Group,Data Analytics Intern
262,Cox Automotive Inc.,Sr Digital Analytics Specialist
263,Pacific Clinics,System and Data Analyst
264,Niagara Water,Manufacturing Analytics Manager
265,Huntington Memorial Library,QM Data Analyst
266,Data Center Inc.,Business Systems Analyst-Project Management Applications
267,Electronic Arts (EA),Games Analyst
268,San Manuel Band of Mission Indians,Business Analyst -Data Governance -Glendale
269,"Relevante, Inc.",Provider Performance Analyst
270,Healthcare Staffing Professionals Inc.,Data Analyst
271,CCC,Programmatic Associate
272,Brainjolt,Program Analyst - CPIC (copy)
273,National Research Group,Entertainment & Tech Market Research Analyst - July 2020 Start Date
274,EY,"Financial Analyst, Los Angeles, CA"
275,Walt Disney Direct-to-Consumer & International,Operations Business Analyst – Content Ops
276,Southern Glazer's Wine & Spirits,Transatlantic - Senior Business Analyst
277,Accenture,Entry Level Accenture Infrastructure Advisory Analyst
278,Genuent,Enterprise Data Quality Analyst - EDM
279,InterMedia Advertising,Data Scientist/Visualization Master
280,united parcel service,Sales Operations Data Analytics Specialist
281,DeBellis Catherine & Morreale - corporate staffing,CRM / Loyalty Marketing Analyst
282,Patagonia,IT Business Analyst - Finance and Accounting
283,Loma Linda University,Visualization Developer
284,True Religion Apparel Inc,"Business Analyst, Store Operations"
285,ektello,Data Warehouse Analyst
286,Amazon Web Services (AWS),Data/Analytics Consultant for Media and Entertainment
287,Cenergy,Data Analyst
288,Delmarva Foundation,Data Analyst Summer Intern - Cerritos
289,Wells Fargo,Data Analyst: Student Financials - Graduate and Professional Student Financial Services
290,County of Riverside,Corporate Compliance Officer/Investigator - Administrative Services Analyst II (Medical/Healthcare)
291,Paladin,"Intern, Data Analytics"
292,"TAD PGS, Inc.",Senior Business Systems Analyst
293,Workhoppers,Business Process Improvement Analyst
294,Cengage,"Director/Sr. Director, Strategy and Operations"
295,BESE,Digital Analyst
296,Riverside Tap Room,Locals Only Urgent Need Salesforce Consultant
297,TOP Agency,Digital Analyst
298,"Platinum Enterprise Solutions, Inc.","Programmer Analyst /Data Science (SQL, Tableau, Modeling)"
299,Ensign Services,Underwriter
300,Arconic,"Data Analysis Intern, Summer 2020"
301,The Forum Group,Financial Data Analyst
302,Integrated Resources Inc.,Data Analyst/Programmer III
303,ISC Resources,Senior Governance Analyst
304,Blue Shield of California,"Actuarial Analyst, Consultant"
305,California State University Channel Islands,Research Analyst
306,On Line Staffing Inc,Business Analyst - data collection
307,Alteryx,APPLICATION INTEGRATION ANALYST III - IT CLINICAL SYSTEMS
308,ICU Medical,Labeling Template & Report Writing Analyst
309,"California State University, Northridge",Senior Systems Engineer - Data Analytics*
310,MicroVention-Terumo,Global Regulatory Reporting Analyst
311,Los Angeles World Airports,PROGRAMMER ANALYST 1431 (E)
312,Teledyne Marine,Hardware Configuration Management Analyst 4
313,"TalentBurst, an Inc 5000 company",Data Analyst II #: 20-03507
314,LACERA,Asset Management Analyst
315,Faithful+Gould,Construction Data Analyst Intern
316,LHi Group Ltd.,Data Analytics Recruitment Manager
317,"Gibson, Dunn & Crutcher LLP",Programmer/Analyst (Financial Systems)
318,Creative Financial Staffing (CFS),Accountant / Data Analyst
319,"Brandes Associates, Inc.",Records Examiner / Analyst Supporting the FBI with Security Clearance
320,Eliassen Group,Business Intelligence Analyst
321,Alpha Technologies,Senior Data Analyst -Santa Monica
322,Printerpix,Data Entry Clerk (Ecommerce)
323,LeaseLock,Product Support Specialist at LeaseLock
324,Crowe,Financial Services Data Analytics Manager
325,Wilshire Associates,Manager Research Analyst/Senior Analyst - Alternative Investments
326,"Maplehurst Bakeries, LLC",Digital Creative Strategist
327,TRI Pointe Group,Business Intelligence Analyst - TRI Pointe Group
328,VCA Animal Hospitals,Senior Analyst
329,Forever 21,Sr. Business Analyst- Retail Stores
330,bkm Capital Partners,"Associate, Portfolio Management"
331,Westlake Financial Services,Risk Analyst
332,Sidebench,Product and Business Analyst
333,CO-OP Financial Services,Data Developer III (contract to hire)
334,Yamaha Corporation of America,Digital Marketing Analyst - Tableau
335,CalOptima,"Data Analyst, Int. (BHI)"
336,WhoWhatWhy,Business Analyst (Volunteer)
337,Corestaff Services,"Data Analyst, Technology II"
338,American Well,Senior Financial Analyst
339,C.A.G Arete,"Scientist 2, Data Analytics"
340,NuORDER,Sr QA Analyst
341,PIH Health,SENIOR DECISION SUPPORT ANALYST (PHP-GREENLEAF OFFICE): FULL-TIME
342,The TCW Group,"Analyst, Fixed Income Group"
343,GHD,Global HR BI Platform Administrator
344,ManTech,Systems Engineer III - Digital Engineering Data Analytics
345,L3Harris Technologies,Sr. Business Analyst - PPMC & Analytics -Orange County
346,Teledyne Technologies Incorporated,Hardware Configuration Management Analyst 4
347,Western Digital,Marketing Analyst
348,Rose International,Business Intelligence Data Analyst
349,Evolvinc,Project Assistant
350,Core Digital Media,Manager of Campaign Management
351,"Ylopo, LLC","Business Analyst, Digital Marketing"
352,AHMC HealthCare,Data Analyst/Program Coordinator
353,Atrium,Financial Analyst
354,Volunteers of America Los Angeles,Senior Research Analyst
355,TikTok,Senior Data Analyst - User Growth
356,3 Little Birds,Data Analyst - Los Angeles
357,AltaMed Health Services,Evaluation Manager
358,Black Knight,SQL / ETL Developer II
359,Zebranet,Sales & Marketing Business Analyst Sr.
360,Provision People,Digital Marketing Analyst - Paid Social
361,Numerator,Consultant - Consumer Insights
362,IPG Mediabrands,"Data Analytics and Data Science Internship, Summer 2020 (Los Angeles)"
363,Careers Inc.,Marketing Analyst
364,HIGH BRIDGE & CO.,Business Analytics Manager
365,Torrid,Data Analyst (Python) -Los Angeles
366,Entertainment Partners,Web Analyst
367,American Advisors Group,Assistant Remittance Analyst
368,Obsidian Security,Appraisal Administrator ll
369,Deltatre,Senior Data Engineer
370,"California State University, Office of the Chancellor",ELINT Analyst / Electronic Warfare
371,eDataforce Consulting LLC,Administrative Analyst (1014290)
372,Factual Inc,Senior Data Analyst
373,Gordon Brothers,Associate Data Scientist (Sales Engineering)
374,District of Saanich,"Analyst, Industrial Inventory"
375,Futran Solutions,Environmental GIS Analyst
376,U.S. Department of the Treasury,Salesforce SQL Data Analyst
377,Citrus College,Program Analyst
378,Regal Executive Search,Programmer Analyst III (February 2020)
379,STRIVR,Portfolio Manager
380,Forest Lawn,Senior Business Analyst
381,Hormel Foods,Jr Financial Analyst
382,"Next Level Resources, Inc.",Category Development Analyst
383,Magic Leap,IT Business Analyst - 4242
384,Episource LLC,Senior Recruiter - Information Technology - Contractor
385,PIMCO,Clinical Business Operations Analyst
386,NCSOFT,Northeastern University Coop ClientBilling Analyst
387,BlackLine,Data Engineer
388,Ajilon,Senior Financial Analyst
389,"DATA SYSTEMS ANALYSTS, INC.",Senior Data Analyst
390,Lewis Management Co,HRIS Analyst
391,CRB Workforce,Revenue Manager
392,Teledyne Controls,Assistant Vice President - Data Management & Analytics
393,Rescue Mission Alliance,Hardware Configuration Management Analyst 4
394,Teledyne DALSA,Donation Processing Associate - Oxnard
395,Jobs Interviewing Now from MJH,Hardware Configuration Management Analyst 4
396,Pacific Western Bank,Sr. Category Analyst
397,"iRhythm Technologies, Inc.",Commercial Data and Analytics Forecasting Senior Associate
398,5.11 Tactical,Sr. Data Analytics Support Engineer
399,Jobs Interviewing Now from HCS,Cloud Business Consultant
400,The Ashlar Group,Electronic Data Capture Clinical Analyst - EDC ( Electronic Data Capture Clinical Analyst)
401,"Partners In Diversity, Inc.",Data Analyst
402,Pair of Thieves,Evaluation Coordinator
403,Creative Artists Agency,Market Strategy Analyst
404,The Salvation Army,Sales Support Analyst
405,Harnham,Associate Inside Sales Engineer
406,NBS,Quantitative Data Analyst Intern
407,Agilisium Consulting,"Sr Data Analyst, Financial Planning & Analytics"
408,Henderson Harbor Group,"Data Systems Analyst II, LACERA (Senior Java Engineer)"
409,TekisHub Consulting Services LLC,"Senior Data Scientist - SQL, Predictive Modeling, Data Analysis"
410,Criterion Systems,Financial Analyst  up to $90K
411,Catchafire,Senior Financial Reporting Analyst
412,Banc of California,HRIS Analyst
413,City National Bank,Senior Financial Analyst
414,SpaceX,Commerce Business Analyst
415,"Connexity, Inc.",Data Analyst
416,Anser Advisory,Data Analyst
417,Centene Corporation,Sr. Data Analyst/Software Developer
418,Los Angeles Metro,Senior Data Governance Analyst - I&I
419,USM,Director of Data and Analytics
420,REX,SENIOR ADMINISTRATIVE ANALYST (MICROTRANSIT - PROJECT EMPLOYEE)
421,GoDiRECT,Senior Data Warehouse Analyst
422,nfolks,Product Manager
423,Brilliant Corners,Data Analyst - Marketing
424,Better.,SAP Business analyst / Systems analyst / senior SAP PO Consultant -Los Angeles
425,MEMORIAL HEALTH SERVICES,"Data Science Analyst, Principal (GIS Analyst)"
426,VelvetJobs,Data Warehouse Database Analyst
427,Landmark Dividend LLC,Applications Analyst - Kronos
428,GumGum,Statistical Data Analyst
429,Commerce Home Mortgage,Financial Analyst
430,SonSoft Inc.,Remote Big Data/Security Engineer - 20-01757
431,Ares Management Corporation,Sr. QA Analyst
432,Lucas Group,"Senior Research Analyst (Part-time, 47.5%)"
433,Intellipro Group Inc,Accounting Manager
434,Monster Energy,CRM Analyst (Acquisition & Sales)
435,Skrill,"CEO Assistant/Project Manager - Training Program (æ€»ç»ç†åŠ©ç†/é¡¹ç›®ç»ç† - ç®¡ç†åŸ¹è®­ç”Ÿï¼‰(Los Angeles, CA 90066)"
436,Cathay Bank,SAP Supply Chain Analyst I
437,Apria Healthcare,Financial Analyst - Partner Residuals - Contractor
438,Gava Talent Solutions,Configuration & Data Management - Sr. Configuration Analyst
439,Resolution Economics,Sr. Business Analyst - PPMC & Analytics -Irvine
440,HORIBA INSTRUMENTS,"Director, Customer Success"
441,City of Anaheim,Analytic Consultant 4
442,"Disney Parks, Experiences and Products",Implementation Manager
443,Zebra-net Incorporated,HR Operations Programmer/Analyst (1014266)
444,Tricon American Homes,Senior Financial Analyst
445,Amgen,Broadcast Media Research Analyst
446,Innovage,Senior Data Analyst with Healthcare Applications
447,Hoag Hospital,Financial Development Officer 1571
448,MSR IT Ltd.,Commercial Data and Analytics Forecasting Manager
449,Taproot Foundation,SAP BPC Business Analyst
450,"C.R. Laurence Co., Inc.",Data Analyst
451,California State University-Dominguez Hills,Finance Manager - Strategy & Data Analytics
452,SAP BusinessObjects,Transfer Retention Specialist
453,Fluor Corporation,Oracle EBS Functional Analyst
454,Pacific Technical Resources,Principal Data Insight Analyst
455,Onica,Associate Estimator I
456,Chapman University,Data Analyst
457,Better.com,"Demand Forecast Analyst, CSO I #15933"
458,Molina Healthcare,HRIS Analyst
